{
  "train_loss": [
    6.804528217315674,
    NaN
  ],
  "val_loss": [
    6.011722564697266,
    NaN
  ],
  "lr": [
    5.5e-05,
    1e-05
  ]
}